Test Case,Initial Position,Initial Velocity,Setpoint,Controller,Settling Time,Overshoot,Steady-State Error
Standard Case,0.0,0.0,0.5,Fuzzy,4.99,56.389659327287504,0.23205512531539046
Standard Case,0.0,0.0,0.5,PID,3.69,5.4016711558509956,0.027008355779254978
Distant Start,-0.8,0.0,0.5,Fuzzy,4.99,46.36357840027865,0.23181789200139324
Distant Start,-0.8,0.0,0.5,PID,4.66,1.0745925735333506,0.005372962867666753
Initial Velocity,0.0,0.3,0.5,Fuzzy,4.99,56.388663681921415,0.319576666738156
Initial Velocity,0.0,0.3,0.5,PID,3.12,9.051670192372407,0.04525835096186204
Negative Setpoint,0.0,0.0,-0.3,Fuzzy,4.99,164.57445092719877,0.007033424925412868
Negative Setpoint,0.0,0.0,-0.3,PID,4.99,0.0,0.039153848518234224
Distant With Velocity,0.7,-0.2,-0.2,Fuzzy,4.99,464.9318812018368,0.334357793361505
Distant With Velocity,0.7,-0.2,-0.2,PID,4.99,13.219480313989285,0.02643896062797857
